fund_id,amc_bank,fund_name,short_name,fund_type,category,risk_profile,asset_allocation,latest_metric_date,return_1m,return_6m,return_1y,return_ytd,latest_nav_pkr,nav_date
2,,ABL Cash Fund,,General,Mutual Fund,Moderate,Diversified,2026-09-05,10.66,10.65,10.56,10.67,10.466,2026-09-05
1,,Meezan Islamic Fund,,General,Mutual Fund,Moderate,Diversified,2026-09-05,-0.74,10.08,8.54,-4.09,163.6147,2026-09-05
190,Atlas,Atlas Aggressive Allocation Islamic Plan,AAAIP,Asset Allocation,Asset Allocation,High,"AIDSF: 72.74%, AIIF: 3.26%, AIMF: 15.96%, Cash: 7.87%, Others incl. receivables: 0.16%",,4.16,22.36,42.73,31.15,,
192,Atlas,Atlas Conservative Allocation Islamic Plan,ACAIP,Asset Allocation,Asset Allocation,Medium,"AIDSF: 35.22%, AIIF: 4.55%, AIMF: 54.66%, Cash: 5.48%, Others incl. receivables: 0.09%",,2.47,13.21,25.18,17.72,,
14,Atlas,Atlas Dividend Yield Fund,,General,Mutual Fund,Moderate,Diversified,2026-09-05,-1.01,7.94,0.0,-2.25,95.3562,2026-09-05
15,Atlas,Atlas Financial Sector Fund,,General,Mutual Fund,Moderate,Diversified,2026-09-05,-1.25,15.33,0.0,1.94,99.7098,2026-09-05
8,Atlas,Atlas Income Fund,,General,Mutual Fund,Moderate,Diversified,2026-09-05,11.52,10.38,10.43,11.17,542.0817,2026-09-05
204,Atlas,Atlas Islamic Building Materials Fund,,General,Mutual Fund,Moderate,Diversified,2026-09-05,-1.22,0.0,0.0,-16.01,105.8039,2026-09-05
30,Atlas,Atlas Islamic Cash Fund,AICF,Money Market,Mutual Fund,Low,"Placement with Banks & DFI's: 55.86%, Sukuk: 15.09%, Gov. Ijarah Sukuks: 14.92%, Cash: 12.49%, Others incl. receivables: 1.64%",2026-09-05,11.65,10.7,10.49,10.7,513.3516,2026-09-05
189,Atlas,Atlas Islamic Dedicated Stock Fund,AIDSF,Equity,Equity,High,"Equities: 97.23%, Others incl. receivables: 2.52%, Cash: 0.25%",,5.45,26.0,50.81,36.88,,
205,Atlas,Atlas Islamic Energy Fund,,General,Mutual Fund,Moderate,Diversified,2026-09-05,-2.2,0.0,0.0,-0.28,106.5815,2026-09-05
85,Atlas,Atlas Islamic Fund of Funds (Atlas Aggressive Allocation Islamic Plan),,General,Mutual Fund,Moderate,Diversified,2026-09-05,-0.51,8.16,8.7,-2.38,1448.8715,2026-09-05
86,Atlas,Atlas Islamic Fund of Funds (Atlas Conservative Allocation Islamic Plan),,General,Mutual Fund,Moderate,Diversified,2026-09-05,-0.16,6.51,9.74,-0.01,953.9142,2026-09-05
87,Atlas,Atlas Islamic Fund of Funds (Atlas Moderate Allocation Islamic Plan),,General,Mutual Fund,Moderate,Diversified,2026-09-05,-0.37,7.38,8.63,-1.44,1236.2847,2026-09-05
39,Atlas,Atlas Islamic Income Fund,AIIF,Income,Mutual Fund,Medium,"Cash: 44.93%, Ijarah Sukuks: 26.45%, Placement with Banks & DFI's: 22.24%, Others incl. receivables: 3.93%, Sukuk: 2.45%",2026-09-05,11.73,9.86,9.95,10.6,526.3246,2026-09-05
31,Atlas,Atlas Islamic Money Market Fund,AIMF,Money Market,Mutual Fund,Low,"Placement with Banks & DFI's: 39.35%, Cash: 36.06%, Sukuk: 14.50%, Gov. Ijarah Sukuks: 8.62%, Others incl. receivables: 1.47%",2026-09-05,11.85,10.93,10.91,11.04,517.2804,2026-09-05
55,Atlas,Atlas Islamic Stock Fund,AISF,Equity,Mutual Fund,High,"Equities: 95.52%, Cash: 2.54%, Others incl. receivables: 1.94%",2026-09-05,-0.78,9.31,5.93,-3.88,1544.8124,2026-09-05
196,Atlas,Atlas KPK Islamic Pension Fund - Money Market Sub Fund,AKPKIPF-Money Market Sub Fund,Money Market,Money Market,Low,"Cash: 40.74%, Sukuk: 24.51%, Ijarah Sukuks: 18.90%, Placement with Banks & DFI's: 14.14%, Others incl. receivables: 1.72%",,10.52,,,10.22,,
4,Atlas,Atlas Liquid Fund,,General,Mutual Fund,Moderate,Diversified,2026-09-05,11.94,10.88,10.83,11.22,513.5601,2026-09-05
191,Atlas,Atlas Moderate Allocation Islamic Plan,AMAIP,Asset Allocation,Asset Allocation,High,"AIDSF: 57.70%, AIIF: 10.65%, AIMF: 23.80%, Cash: 7.77%, Others incl. receivables: 0.09%",,3.43,18.38,35.78,25.57,,
5,Atlas,Atlas Money Market Fund,,General,Mutual Fund,Moderate,Diversified,2026-09-05,11.7,10.9,10.85,11.28,524.9491,2026-09-05
194,Atlas,Atlas Pension Islamic Fund - Debt Sub-Fund,APIF-Debt Sub-Fund,Income,Income,Medium,"Placement with Banks & DFI's: 34.60%, Ijarah Sukuks: 33.30%, Cash: 25.41%, Sukuk: 5.38%, Others incl. receivables: 1.31%",2026-05-11,0.0,0.0,0.0,0.0,653.09,2026-05-11
193,Atlas,Atlas Pension Islamic Fund - Equity Sub-Fund,APIF-Equity Sub-Fund,Equity,Equity,High,"Equities: 96.78%, Others incl. receivables: 3.02%, Cash: 0.20%",2026-05-11,0.0,0.0,0.0,0.0,653.09,2026-05-11
195,Atlas,Atlas Pension Islamic Fund - Money Market Sub-Fund,APIF-Money Market Sub-Fund,Money Market,Money Market,Low,"Cash: 42.50%, Placement with Banks & DFI's: 27.81%, Ijarah Sukuks: 24.33%, Sukuk: 2.98%, Others incl. receivables: 2.37%",2026-05-11,0.0,0.0,0.0,0.0,2420.38,2026-05-11
9,Atlas,Atlas Sovereign Fund,,General,Mutual Fund,Moderate,Diversified,2026-09-05,11.79,9.85,10.11,10.66,105.1685,2026-09-05
16,Atlas,Atlas Stock Market Fund,,General,Mutual Fund,Moderate,Diversified,2026-09-05,-1.13,11.54,12.0,-3.27,2119.3001,2026-09-05
124,Faysal,Faysal Barak'ah Women Savers Plan,FBWSP,Asset Allocation,Shariah Compliant Asset Allocation Fund Of Funds Scheme,Medium,"Cash: 97.40%, Others including Receivables: 2.60%",,0.68,,8.64,5.27,,
32,Faysal,Faysal Halal Amdani Fund,FHAF,Money Market,Mutual Fund,Low,"Placements with Banks, NBFCs and DFIs: 68.41%, Cash: 22.91%, Short Term Sukuk: 6.89%, Others including Receivables: 1.79%",2026-09-05,11.43,9.47,9.36,9.57,103.9428,2026-09-05
32,Faysal,Faysal Halal Amdani Fund,FHAF,Money Market,Mutual Fund,Low,"Placements with Banks, NBFCs and DFIs: 68.41%, Cash: 22.91%, Short Term Sukuk: 6.89%, Others including Receivables: 1.79%",2026-09-05,11.43,9.47,9.36,9.57,101.8401,2026-09-05
32,Faysal,Faysal Halal Amdani Fund,FHAF,Money Market,Mutual Fund,Low,"Placements with Banks, NBFCs and DFIs: 68.41%, Cash: 22.91%, Short Term Sukuk: 6.89%, Others including Receivables: 1.79%",2026-09-05,11.43,9.47,9.36,9.57,102.161,2026-09-05
32,Faysal,Faysal Halal Amdani Fund,FHAF,Money Market,Mutual Fund,Low,"Placements with Banks, NBFCs and DFIs: 68.41%, Cash: 22.91%, Short Term Sukuk: 6.89%, Others including Receivables: 1.79%",2026-09-05,10.73,9.78,10.31,9.27,103.9428,2026-09-05
32,Faysal,Faysal Halal Amdani Fund,FHAF,Money Market,Mutual Fund,Low,"Placements with Banks, NBFCs and DFIs: 68.41%, Cash: 22.91%, Short Term Sukuk: 6.89%, Others including Receivables: 1.79%",2026-09-05,10.73,9.78,10.31,9.27,101.8401,2026-09-05
32,Faysal,Faysal Halal Amdani Fund,FHAF,Money Market,Mutual Fund,Low,"Placements with Banks, NBFCs and DFIs: 68.41%, Cash: 22.91%, Short Term Sukuk: 6.89%, Others including Receivables: 1.79%",2026-09-05,10.73,9.78,10.31,9.27,102.161,2026-09-05
32,Faysal,Faysal Halal Amdani Fund,FHAF,Money Market,Mutual Fund,Low,"Placements with Banks, NBFCs and DFIs: 68.41%, Cash: 22.91%, Short Term Sukuk: 6.89%, Others including Receivables: 1.79%",2026-09-05,11.09,10.41,0.0,10.91,103.9428,2026-09-05
32,Faysal,Faysal Halal Amdani Fund,FHAF,Money Market,Mutual Fund,Low,"Placements with Banks, NBFCs and DFIs: 68.41%, Cash: 22.91%, Short Term Sukuk: 6.89%, Others including Receivables: 1.79%",2026-09-05,11.09,10.41,0.0,10.91,101.8401,2026-09-05
32,Faysal,Faysal Halal Amdani Fund,FHAF,Money Market,Mutual Fund,Low,"Placements with Banks, NBFCs and DFIs: 68.41%, Cash: 22.91%, Short Term Sukuk: 6.89%, Others including Receivables: 1.79%",2026-09-05,11.09,10.41,0.0,10.91,102.161,2026-09-05
40,Faysal,Faysal Halal Amdani Fund II,FHAF-II,Income,Mutual Fund,Medium,"Placements with Banks, NBFCs and DFIs: 62.97%, Cash: 33.32%, Ijara Sukuk: 1.86%, Others including Receivables: 1.85%",2026-03-01,9.78,10.39,0.0,10.41,102.7394,2026-03-01
41,Faysal,Faysal Halal Amdani Fund III,FHAF-III,Income,Mutual Fund,Medium,"Cash: 99.46%, Others including Receivables: 0.54%",2026-03-01,9.29,0.0,0.0,9.43,101.7998,2026-03-01
77,Faysal,Faysal Islamic Asset Allocation Fund,FIAAF,Asset Allocation,Mutual Fund,High,"Sukuk: 42.18%, Ijara Sukuk: 32.47%, Cash: 23.42%, Others including Receivables: 1.93%",2026-09-05,0.11,4.94,10.53,1.94,91.947,2026-09-05
77,Faysal,Faysal Islamic Asset Allocation Fund,FIAAF,Asset Allocation,Mutual Fund,High,"Sukuk: 42.18%, Ijara Sukuk: 32.47%, Cash: 23.42%, Others including Receivables: 1.93%",2026-09-05,0.11,4.94,10.53,1.94,117.2659,2026-09-05
77,Faysal,Faysal Islamic Asset Allocation Fund,FIAAF,Asset Allocation,Mutual Fund,High,"Sukuk: 42.18%, Ijara Sukuk: 32.47%, Cash: 23.42%, Others including Receivables: 1.93%",2026-09-05,0.11,4.94,10.53,1.94,109.9471,2026-09-05
77,Faysal,Faysal Islamic Asset Allocation Fund,FIAAF,Asset Allocation,Mutual Fund,High,"Sukuk: 42.18%, Ijara Sukuk: 32.47%, Cash: 23.42%, Others including Receivables: 1.93%",2026-09-05,0.11,4.94,10.53,1.94,108.1202,2026-09-05
77,Faysal,Faysal Islamic Asset Allocation Fund,FIAAF,Asset Allocation,Mutual Fund,High,"Sukuk: 42.18%, Ijara Sukuk: 32.47%, Cash: 23.42%, Others including Receivables: 1.93%",2026-09-05,0.11,4.94,10.53,1.94,107.4367,2026-09-05
77,Faysal,Faysal Islamic Asset Allocation Fund,FIAAF,Asset Allocation,Mutual Fund,High,"Sukuk: 42.18%, Ijara Sukuk: 32.47%, Cash: 23.42%, Others including Receivables: 1.93%",2026-09-05,0.11,4.94,10.53,1.94,103.6595,2026-09-05
77,Faysal,Faysal Islamic Asset Allocation Fund,FIAAF,Asset Allocation,Mutual Fund,High,"Sukuk: 42.18%, Ijara Sukuk: 32.47%, Cash: 23.42%, Others including Receivables: 1.93%",2026-09-05,0.11,4.94,10.53,1.94,103.2874,2026-09-05
77,Faysal,Faysal Islamic Asset Allocation Fund,FIAAF,Asset Allocation,Mutual Fund,High,"Sukuk: 42.18%, Ijara Sukuk: 32.47%, Cash: 23.42%, Others including Receivables: 1.93%",2026-09-05,0.11,4.94,10.53,1.94,103.5572,2026-09-05
77,Faysal,Faysal Islamic Asset Allocation Fund,FIAAF,Asset Allocation,Mutual Fund,High,"Sukuk: 42.18%, Ijara Sukuk: 32.47%, Cash: 23.42%, Others including Receivables: 1.93%",2026-09-05,-0.95,2.36,2.67,-5.28,91.947,2026-09-05
77,Faysal,Faysal Islamic Asset Allocation Fund,FIAAF,Asset Allocation,Mutual Fund,High,"Sukuk: 42.18%, Ijara Sukuk: 32.47%, Cash: 23.42%, Others including Receivables: 1.93%",2026-09-05,-0.95,2.36,2.67,-5.28,117.2659,2026-09-05
77,Faysal,Faysal Islamic Asset Allocation Fund,FIAAF,Asset Allocation,Mutual Fund,High,"Sukuk: 42.18%, Ijara Sukuk: 32.47%, Cash: 23.42%, Others including Receivables: 1.93%",2026-09-05,-0.95,2.36,2.67,-5.28,109.9471,2026-09-05
77,Faysal,Faysal Islamic Asset Allocation Fund,FIAAF,Asset Allocation,Mutual Fund,High,"Sukuk: 42.18%, Ijara Sukuk: 32.47%, Cash: 23.42%, Others including Receivables: 1.93%",2026-09-05,-0.95,2.36,2.67,-5.28,108.1202,2026-09-05
77,Faysal,Faysal Islamic Asset Allocation Fund,FIAAF,Asset Allocation,Mutual Fund,High,"Sukuk: 42.18%, Ijara Sukuk: 32.47%, Cash: 23.42%, Others including Receivables: 1.93%",2026-09-05,-0.95,2.36,2.67,-5.28,107.4367,2026-09-05
77,Faysal,Faysal Islamic Asset Allocation Fund,FIAAF,Asset Allocation,Mutual Fund,High,"Sukuk: 42.18%, Ijara Sukuk: 32.47%, Cash: 23.42%, Others including Receivables: 1.93%",2026-09-05,-0.95,2.36,2.67,-5.28,103.6595,2026-09-05
77,Faysal,Faysal Islamic Asset Allocation Fund,FIAAF,Asset Allocation,Mutual Fund,High,"Sukuk: 42.18%, Ijara Sukuk: 32.47%, Cash: 23.42%, Others including Receivables: 1.93%",2026-09-05,-0.95,2.36,2.67,-5.28,103.2874,2026-09-05
77,Faysal,Faysal Islamic Asset Allocation Fund,FIAAF,Asset Allocation,Mutual Fund,High,"Sukuk: 42.18%, Ijara Sukuk: 32.47%, Cash: 23.42%, Others including Receivables: 1.93%",2026-09-05,-0.95,2.36,2.67,-5.28,103.5572,2026-09-05
77,Faysal,Faysal Islamic Asset Allocation Fund,FIAAF,Asset Allocation,Mutual Fund,High,"Sukuk: 42.18%, Ijara Sukuk: 32.47%, Cash: 23.42%, Others including Receivables: 1.93%",2026-09-05,0.15,6.44,0.0,2.2,91.947,2026-09-05
77,Faysal,Faysal Islamic Asset Allocation Fund,FIAAF,Asset Allocation,Mutual Fund,High,"Sukuk: 42.18%, Ijara Sukuk: 32.47%, Cash: 23.42%, Others including Receivables: 1.93%",2026-09-05,0.15,6.44,0.0,2.2,117.2659,2026-09-05
77,Faysal,Faysal Islamic Asset Allocation Fund,FIAAF,Asset Allocation,Mutual Fund,High,"Sukuk: 42.18%, Ijara Sukuk: 32.47%, Cash: 23.42%, Others including Receivables: 1.93%",2026-09-05,0.15,6.44,0.0,2.2,109.9471,2026-09-05
77,Faysal,Faysal Islamic Asset Allocation Fund,FIAAF,Asset Allocation,Mutual Fund,High,"Sukuk: 42.18%, Ijara Sukuk: 32.47%, Cash: 23.42%, Others including Receivables: 1.93%",2026-09-05,0.15,6.44,0.0,2.2,108.1202,2026-09-05
77,Faysal,Faysal Islamic Asset Allocation Fund,FIAAF,Asset Allocation,Mutual Fund,High,"Sukuk: 42.18%, Ijara Sukuk: 32.47%, Cash: 23.42%, Others including Receivables: 1.93%",2026-09-05,0.15,6.44,0.0,2.2,107.4367,2026-09-05
77,Faysal,Faysal Islamic Asset Allocation Fund,FIAAF,Asset Allocation,Mutual Fund,High,"Sukuk: 42.18%, Ijara Sukuk: 32.47%, Cash: 23.42%, Others including Receivables: 1.93%",2026-09-05,0.15,6.44,0.0,2.2,103.6595,2026-09-05
77,Faysal,Faysal Islamic Asset Allocation Fund,FIAAF,Asset Allocation,Mutual Fund,High,"Sukuk: 42.18%, Ijara Sukuk: 32.47%, Cash: 23.42%, Others including Receivables: 1.93%",2026-09-05,0.15,6.44,0.0,2.2,103.2874,2026-09-05
77,Faysal,Faysal Islamic Asset Allocation Fund,FIAAF,Asset Allocation,Mutual Fund,High,"Sukuk: 42.18%, Ijara Sukuk: 32.47%, Cash: 23.42%, Others including Receivables: 1.93%",2026-09-05,0.15,6.44,0.0,2.2,103.5572,2026-09-05
77,Faysal,Faysal Islamic Asset Allocation Fund,FIAAF,Asset Allocation,Mutual Fund,High,"Sukuk: 42.18%, Ijara Sukuk: 32.47%, Cash: 23.42%, Others including Receivables: 1.93%",2026-09-05,0.11,5.02,0.0,1.59,91.947,2026-09-05
77,Faysal,Faysal Islamic Asset Allocation Fund,FIAAF,Asset Allocation,Mutual Fund,High,"Sukuk: 42.18%, Ijara Sukuk: 32.47%, Cash: 23.42%, Others including Receivables: 1.93%",2026-09-05,0.11,5.02,0.0,1.59,117.2659,2026-09-05
77,Faysal,Faysal Islamic Asset Allocation Fund,FIAAF,Asset Allocation,Mutual Fund,High,"Sukuk: 42.18%, Ijara Sukuk: 32.47%, Cash: 23.42%, Others including Receivables: 1.93%",2026-09-05,0.11,5.02,0.0,1.59,109.9471,2026-09-05
77,Faysal,Faysal Islamic Asset Allocation Fund,FIAAF,Asset Allocation,Mutual Fund,High,"Sukuk: 42.18%, Ijara Sukuk: 32.47%, Cash: 23.42%, Others including Receivables: 1.93%",2026-09-05,0.11,5.02,0.0,1.59,108.1202,2026-09-05
77,Faysal,Faysal Islamic Asset Allocation Fund,FIAAF,Asset Allocation,Mutual Fund,High,"Sukuk: 42.18%, Ijara Sukuk: 32.47%, Cash: 23.42%, Others including Receivables: 1.93%",2026-09-05,0.11,5.02,0.0,1.59,107.4367,2026-09-05
77,Faysal,Faysal Islamic Asset Allocation Fund,FIAAF,Asset Allocation,Mutual Fund,High,"Sukuk: 42.18%, Ijara Sukuk: 32.47%, Cash: 23.42%, Others including Receivables: 1.93%",2026-09-05,0.11,5.02,0.0,1.59,103.6595,2026-09-05
77,Faysal,Faysal Islamic Asset Allocation Fund,FIAAF,Asset Allocation,Mutual Fund,High,"Sukuk: 42.18%, Ijara Sukuk: 32.47%, Cash: 23.42%, Others including Receivables: 1.93%",2026-09-05,0.11,5.02,0.0,1.59,103.2874,2026-09-05
77,Faysal,Faysal Islamic Asset Allocation Fund,FIAAF,Asset Allocation,Mutual Fund,High,"Sukuk: 42.18%, Ijara Sukuk: 32.47%, Cash: 23.42%, Others including Receivables: 1.93%",2026-09-05,0.11,5.02,0.0,1.59,103.5572,2026-09-05
77,Faysal,Faysal Islamic Asset Allocation Fund,FIAAF,Asset Allocation,Mutual Fund,High,"Sukuk: 42.18%, Ijara Sukuk: 32.47%, Cash: 23.42%, Others including Receivables: 1.93%",2026-09-05,0.14,6.03,0.0,2.17,91.947,2026-09-05
77,Faysal,Faysal Islamic Asset Allocation Fund,FIAAF,Asset Allocation,Mutual Fund,High,"Sukuk: 42.18%, Ijara Sukuk: 32.47%, Cash: 23.42%, Others including Receivables: 1.93%",2026-09-05,0.14,6.03,0.0,2.17,117.2659,2026-09-05
77,Faysal,Faysal Islamic Asset Allocation Fund,FIAAF,Asset Allocation,Mutual Fund,High,"Sukuk: 42.18%, Ijara Sukuk: 32.47%, Cash: 23.42%, Others including Receivables: 1.93%",2026-09-05,0.14,6.03,0.0,2.17,109.9471,2026-09-05
77,Faysal,Faysal Islamic Asset Allocation Fund,FIAAF,Asset Allocation,Mutual Fund,High,"Sukuk: 42.18%, Ijara Sukuk: 32.47%, Cash: 23.42%, Others including Receivables: 1.93%",2026-09-05,0.14,6.03,0.0,2.17,108.1202,2026-09-05
77,Faysal,Faysal Islamic Asset Allocation Fund,FIAAF,Asset Allocation,Mutual Fund,High,"Sukuk: 42.18%, Ijara Sukuk: 32.47%, Cash: 23.42%, Others including Receivables: 1.93%",2026-09-05,0.14,6.03,0.0,2.17,107.4367,2026-09-05
77,Faysal,Faysal Islamic Asset Allocation Fund,FIAAF,Asset Allocation,Mutual Fund,High,"Sukuk: 42.18%, Ijara Sukuk: 32.47%, Cash: 23.42%, Others including Receivables: 1.93%",2026-09-05,0.14,6.03,0.0,2.17,103.6595,2026-09-05
77,Faysal,Faysal Islamic Asset Allocation Fund,FIAAF,Asset Allocation,Mutual Fund,High,"Sukuk: 42.18%, Ijara Sukuk: 32.47%, Cash: 23.42%, Others including Receivables: 1.93%",2026-09-05,0.14,6.03,0.0,2.17,103.2874,2026-09-05
77,Faysal,Faysal Islamic Asset Allocation Fund,FIAAF,Asset Allocation,Mutual Fund,High,"Sukuk: 42.18%, Ijara Sukuk: 32.47%, Cash: 23.42%, Others including Receivables: 1.93%",2026-09-05,0.14,6.03,0.0,2.17,103.5572,2026-09-05
77,Faysal,Faysal Islamic Asset Allocation Fund,FIAAF,Asset Allocation,Mutual Fund,High,"Sukuk: 42.18%, Ijara Sukuk: 32.47%, Cash: 23.42%, Others including Receivables: 1.93%",2026-09-05,0.15,0.0,0.0,1.96,91.947,2026-09-05
77,Faysal,Faysal Islamic Asset Allocation Fund,FIAAF,Asset Allocation,Mutual Fund,High,"Sukuk: 42.18%, Ijara Sukuk: 32.47%, Cash: 23.42%, Others including Receivables: 1.93%",2026-09-05,0.15,0.0,0.0,1.96,117.2659,2026-09-05
77,Faysal,Faysal Islamic Asset Allocation Fund,FIAAF,Asset Allocation,Mutual Fund,High,"Sukuk: 42.18%, Ijara Sukuk: 32.47%, Cash: 23.42%, Others including Receivables: 1.93%",2026-09-05,0.15,0.0,0.0,1.96,109.9471,2026-09-05
77,Faysal,Faysal Islamic Asset Allocation Fund,FIAAF,Asset Allocation,Mutual Fund,High,"Sukuk: 42.18%, Ijara Sukuk: 32.47%, Cash: 23.42%, Others including Receivables: 1.93%",2026-09-05,0.15,0.0,0.0,1.96,108.1202,2026-09-05
77,Faysal,Faysal Islamic Asset Allocation Fund,FIAAF,Asset Allocation,Mutual Fund,High,"Sukuk: 42.18%, Ijara Sukuk: 32.47%, Cash: 23.42%, Others including Receivables: 1.93%",2026-09-05,0.15,0.0,0.0,1.96,107.4367,2026-09-05
77,Faysal,Faysal Islamic Asset Allocation Fund,FIAAF,Asset Allocation,Mutual Fund,High,"Sukuk: 42.18%, Ijara Sukuk: 32.47%, Cash: 23.42%, Others including Receivables: 1.93%",2026-09-05,0.15,0.0,0.0,1.96,103.6595,2026-09-05
77,Faysal,Faysal Islamic Asset Allocation Fund,FIAAF,Asset Allocation,Mutual Fund,High,"Sukuk: 42.18%, Ijara Sukuk: 32.47%, Cash: 23.42%, Others including Receivables: 1.93%",2026-09-05,0.15,0.0,0.0,1.96,103.2874,2026-09-05
77,Faysal,Faysal Islamic Asset Allocation Fund,FIAAF,Asset Allocation,Mutual Fund,High,"Sukuk: 42.18%, Ijara Sukuk: 32.47%, Cash: 23.42%, Others including Receivables: 1.93%",2026-09-05,0.15,0.0,0.0,1.96,103.5572,2026-09-05
77,Faysal,Faysal Islamic Asset Allocation Fund,FIAAF,Asset Allocation,Mutual Fund,High,"Sukuk: 42.18%, Ijara Sukuk: 32.47%, Cash: 23.42%, Others including Receivables: 1.93%",2026-09-05,0.15,0.0,0.0,1.92,91.947,2026-09-05
77,Faysal,Faysal Islamic Asset Allocation Fund,FIAAF,Asset Allocation,Mutual Fund,High,"Sukuk: 42.18%, Ijara Sukuk: 32.47%, Cash: 23.42%, Others including Receivables: 1.93%",2026-09-05,0.15,0.0,0.0,1.92,117.2659,2026-09-05
77,Faysal,Faysal Islamic Asset Allocation Fund,FIAAF,Asset Allocation,Mutual Fund,High,"Sukuk: 42.18%, Ijara Sukuk: 32.47%, Cash: 23.42%, Others including Receivables: 1.93%",2026-09-05,0.15,0.0,0.0,1.92,109.9471,2026-09-05
77,Faysal,Faysal Islamic Asset Allocation Fund,FIAAF,Asset Allocation,Mutual Fund,High,"Sukuk: 42.18%, Ijara Sukuk: 32.47%, Cash: 23.42%, Others including Receivables: 1.93%",2026-09-05,0.15,0.0,0.0,1.92,108.1202,2026-09-05
77,Faysal,Faysal Islamic Asset Allocation Fund,FIAAF,Asset Allocation,Mutual Fund,High,"Sukuk: 42.18%, Ijara Sukuk: 32.47%, Cash: 23.42%, Others including Receivables: 1.93%",2026-09-05,0.15,0.0,0.0,1.92,107.4367,2026-09-05
77,Faysal,Faysal Islamic Asset Allocation Fund,FIAAF,Asset Allocation,Mutual Fund,High,"Sukuk: 42.18%, Ijara Sukuk: 32.47%, Cash: 23.42%, Others including Receivables: 1.93%",2026-09-05,0.15,0.0,0.0,1.92,103.6595,2026-09-05
77,Faysal,Faysal Islamic Asset Allocation Fund,FIAAF,Asset Allocation,Mutual Fund,High,"Sukuk: 42.18%, Ijara Sukuk: 32.47%, Cash: 23.42%, Others including Receivables: 1.93%",2026-09-05,0.15,0.0,0.0,1.92,103.2874,2026-09-05
77,Faysal,Faysal Islamic Asset Allocation Fund,FIAAF,Asset Allocation,Mutual Fund,High,"Sukuk: 42.18%, Ijara Sukuk: 32.47%, Cash: 23.42%, Others including Receivables: 1.93%",2026-09-05,0.15,0.0,0.0,1.92,103.5572,2026-09-05
77,Faysal,Faysal Islamic Asset Allocation Fund,FIAAF,Asset Allocation,Mutual Fund,High,"Sukuk: 42.18%, Ijara Sukuk: 32.47%, Cash: 23.42%, Others including Receivables: 1.93%",2026-09-05,0.15,0.0,0.0,1.91,91.947,2026-09-05
77,Faysal,Faysal Islamic Asset Allocation Fund,FIAAF,Asset Allocation,Mutual Fund,High,"Sukuk: 42.18%, Ijara Sukuk: 32.47%, Cash: 23.42%, Others including Receivables: 1.93%",2026-09-05,0.15,0.0,0.0,1.91,117.2659,2026-09-05
77,Faysal,Faysal Islamic Asset Allocation Fund,FIAAF,Asset Allocation,Mutual Fund,High,"Sukuk: 42.18%, Ijara Sukuk: 32.47%, Cash: 23.42%, Others including Receivables: 1.93%",2026-09-05,0.15,0.0,0.0,1.91,109.9471,2026-09-05
77,Faysal,Faysal Islamic Asset Allocation Fund,FIAAF,Asset Allocation,Mutual Fund,High,"Sukuk: 42.18%, Ijara Sukuk: 32.47%, Cash: 23.42%, Others including Receivables: 1.93%",2026-09-05,0.15,0.0,0.0,1.91,108.1202,2026-09-05
77,Faysal,Faysal Islamic Asset Allocation Fund,FIAAF,Asset Allocation,Mutual Fund,High,"Sukuk: 42.18%, Ijara Sukuk: 32.47%, Cash: 23.42%, Others including Receivables: 1.93%",2026-09-05,0.15,0.0,0.0,1.91,107.4367,2026-09-05
77,Faysal,Faysal Islamic Asset Allocation Fund,FIAAF,Asset Allocation,Mutual Fund,High,"Sukuk: 42.18%, Ijara Sukuk: 32.47%, Cash: 23.42%, Others including Receivables: 1.93%",2026-09-05,0.15,0.0,0.0,1.91,103.6595,2026-09-05
77,Faysal,Faysal Islamic Asset Allocation Fund,FIAAF,Asset Allocation,Mutual Fund,High,"Sukuk: 42.18%, Ijara Sukuk: 32.47%, Cash: 23.42%, Others including Receivables: 1.93%",2026-09-05,0.15,0.0,0.0,1.91,103.2874,2026-09-05
77,Faysal,Faysal Islamic Asset Allocation Fund,FIAAF,Asset Allocation,Mutual Fund,High,"Sukuk: 42.18%, Ijara Sukuk: 32.47%, Cash: 23.42%, Others including Receivables: 1.93%",2026-09-05,0.15,0.0,0.0,1.91,103.5572,2026-09-05
78,Faysal,Faysal Islamic Asset Allocation Fund II,FIAAF-II,Asset Allocation,Mutual Fund,High,"Cash: 48.53%, Equities: 46.83%, Ijara Sukuk: 2.20%, Others including Receivables: 2.45%",2026-03-01,-4.71,4.85,18.6,16.51,117.8732,2026-03-01
79,Faysal,Faysal Islamic Asset Allocation Fund III (Faysal Shariah Flex Plan I),,General,Mutual Fund,Moderate,Diversified,2026-03-01,-0.59,0.0,0.0,3.95,103.709,2026-03-01
80,Faysal,Faysal Islamic Asset Allocation Fund III (Faysal Shariah Flex Plan II),,General,Mutual Fund,Moderate,Diversified,2026-03-01,0.29,0.0,0.0,2.88,102.8836,2026-03-01
81,Faysal,Faysal Islamic Asset Allocation Fund III (Faysal Shariah Flex Plan III),,General,Mutual Fund,Moderate,Diversified,2026-03-01,0.16,0.0,0.0,0.6,100.6035,2026-03-01
33,Faysal,Faysal Islamic Cash Fund,FICF,Money Market,Mutual Fund,Low,"Placements with Banks and DFIs: 68.88%, Cash: 18.42%, Short Term Sukuk: 10.80%, Others including Receivables: 1.90%",2026-09-05,11.41,9.56,9.44,9.68,102.3046,2026-09-05
122,Faysal,Faysal Islamic Dedicated Equity Fund,FIDEF,Equity,Shariah Compliant Equity Scheme,High,"Equities: 88.57%, Cash: 6.08%, Others including Receivables: 5.35%",,6.59,,,31.01,,
73,Faysal,Faysal Islamic Financial Growth Fund (Faysal Islamic Financial Growth Plan I),,General,Mutual Fund,Moderate,Diversified,2026-09-05,11.82,9.37,9.08,9.64,102.4298,2026-09-05
74,Faysal,Faysal Islamic Financial Growth Fund (Faysal Islamic Financial Growth Plan II),,General,Mutual Fund,Moderate,Diversified,2026-09-05,9.77,9.37,9.42,9.43,102.1141,2026-09-05
75,Faysal,Faysal Islamic Financial Growth Fund II,FIFGF-II,Income,Mutual Fund,Medium,"Cash: 84.31%, Placements with Banks, NBFCs and DFIs: 14.49%, Others including Receivables: 1.20%",2026-09-05,11.8,10.45,0.0,10.25,102.0488,2026-09-05
108,Faysal,Faysal Islamic Financial Growth Plan-I,FIFGP-I,Income,Shariah Compliant Aggressive Fixed Income Scheme (Non-Equity),Medium,"Placements with Banks, NBFCs and DFIs: 63.41%, Cash: 31.71%, Others including Receivables: 1.76%, Short Term Sukuk: 1.82%, Ijara Sukuk: 1.30%",,8.32,,8.45,8.5,,
88,Faysal,Faysal Islamic Financial Planning Fund II (Faysal Priority Ascend Plan I),,General,Mutual Fund,Moderate,Diversified,2026-09-05,-0.35,5.16,13.69,-0.08,118.9803,2026-09-05
89,Faysal,Faysal Islamic Financial Planning Fund II (Faysal Priority Ascend Plan II),,General,Mutual Fund,Moderate,Diversified,2026-09-05,0.05,4.66,9.71,1.51,110.3805,2026-09-05
90,Faysal,Faysal Islamic Financial Planning Fund II (Faysal Priority Ascend Plan III),,General,Mutual Fund,Moderate,Diversified,2026-09-05,0.08,4.52,9.72,1.62,111.8515,2026-09-05
131,Faysal,Faysal Islamic KPK Government Employee Pension Fund - Debt Sub Fund,Faysal Islamic KPK Government Employee Pension Fund - DSF,Income,Shariah Compliant Voluntary Pension Scheme (Debt Sub Fund),Investor dependent,"Cash: 92.76%, Others including Receivables: 7.24%",,4.47,,7.47,9.77,,
132,Faysal,Faysal Islamic KPK Government Employee Pension Fund - Equity Sub Fund,Faysal Islamic KPK Government Employee Pension Fund - EISF,Equity,Shariah Compliant Voluntary Pension Scheme (Equity Sub Fund),Investor dependent,"Cash: 95.26%, Others including Receivables: 4.74%",,0.39,,4.6,6.11,,
134,Faysal,Faysal Islamic KPK Government Employee Pension Fund - Index Equity Sub Fund,FIKPKGEPF,Equity,Shariah Compliant Voluntary Pension Scheme (Index Equity Sub Fund),Low to high (as per allocation scheme),"Cash: 95.26%, Others including Receivables: 4.74%",,0.39,,4.6,6.11,,
133,Faysal,Faysal Islamic KPK Government Employee Pension Fund - Money Market Sub Fund,Faysal Islamic KPK Government Employee Pension Fund - MMF,Money Market,Shariah Compliant Voluntary Pension Scheme (Money Market Sub Fund),Investor dependent,"Cash: 74.33%, Ijara Sukuk: 19.36%, Others including Receivables: 6.31%",,8.76,,9.41,9.16,,
113,Faysal,Faysal Islamic Mehdood Muddat Plan-I,MMP-I,Income,Shariah Compliant Fixed Rate/Return Scheme,Moderate,"Placements with Bank, DFIs and NBFC: 46.82%, Cash: 43.15%, Sukuks: 8.03%, GoP Guaranteed Securities: 0.26%, Others including Receivable: 1.74%",,9.39,9.71,8.77,9.78,,
114,Faysal,Faysal Islamic Mehdood Muddat Plan-VI,FIMMP-VI,Income,Shariah Compliant Fixed Rate/Return Scheme,Medium,"Cash: 85.47%, Placement with Banks & DFI/TDRs: 13.40%, Others including Receivables: 1.13%",,10.49,,,11.18,,
115,Faysal,Faysal Islamic Mehdood Muddat Plan-XIII,FIMMP-XIII,Income,Shariah Compliant Fixed Rate/Return Scheme,Medium,"Placement with Banks & DFI/TDRs: 90.95%, Cash: 7.03%, Others including Receivables: 2.02%",,10.26,,,10.43,,
116,Faysal,Faysal Islamic Mehdood Muddat Plan-XIV,FIMMP-XIV,Income,Shariah Compliant Fixed Rate/Return Scheme,Medium,"Placement with Banks & DFI/TDRs: 52.14%, Cash: 46.46%, Others including Receivables: 1.40%",,10.58,,,10.79,,
117,Faysal,Faysal Islamic Mehdood Muddat Plan-XV,FIMMP-XV,Income,Shariah Compliant Fixed Rate/Return Scheme,Medium,"Cash: 99.11%, Others including Receivables: 0.89%",,10.02,,,10.25,,
61,Faysal,Faysal Islamic Mustakil Munafa Fund (Faysal Islamic Mehdood Muddat Plan I),,General,Mutual Fund,Moderate,Diversified,2026-05-11,-0.29,7.63,9.89,8.45,124.2021,2026-05-11
62,Faysal,Faysal Islamic Mustakil Munafa Fund (Faysal Islamic Mehdood Muddat Plan VI),,General,Mutual Fund,Moderate,Diversified,2026-05-11,10.16,10.58,0.0,11.07,109.6851,2026-05-11
63,Faysal,Faysal Islamic Mustakil Munafa Fund (Faysal Islamic Mehdood Muddat Plan XIII),,General,Mutual Fund,Moderate,Diversified,2026-03-03,-28.16,0.0,0.0,0.0,100.0,2026-03-03
64,Faysal,Faysal Islamic Mustakil Munafa Fund (Faysal Islamic Mehdood Muddat Plan XIV),,General,Mutual Fund,Moderate,Diversified,2026-03-03,-29.1,0.0,0.0,0.0,100.0,2026-03-03
65,Faysal,Faysal Islamic Mustakil Munafa Fund (Faysal Islamic Mehdood Muddat Plan XV),,General,Mutual Fund,Moderate,Diversified,2026-03-03,10.29,0.0,0.0,10.1,102.2423,2026-03-03
66,Faysal,Faysal Islamic Mustakil Munafa Fund (Faysal Islamic Mehdood Muddat Plan XVI),,General,Mutual Fund,Moderate,Diversified,2026-03-22,9.92,0.0,0.0,10.18,100.6133,2026-03-22
67,Faysal,Faysal Islamic Mustakil Munafa Fund (Faysal Islamic Mehdood Muddat Plan XVII),,General,Mutual Fund,Moderate,Diversified,2026-03-22,9.92,0.0,0.0,10.24,100.6173,2026-03-22
207,Faysal,Faysal Islamic Mustakil Munafa Fund (Faysal Islamic Mehdood Muddat Plan XXI),,General,Mutual Fund,Moderate,Diversified,2026-09-05,13.91,0.0,0.0,11.09,103.5776,2026-09-05
208,Faysal,Faysal Islamic Mustakil Munafa Fund (Faysal Islamic Mehdood Muddat Plan XXIX),,General,Mutual Fund,Moderate,Diversified,2026-09-05,10.88,0.0,0.0,10.92,100.8376,2026-09-05
209,Faysal,Faysal Islamic Mustakil Munafa Fund (Faysal Islamic Mehdood Muddat Plan XXV),,General,Mutual Fund,Moderate,Diversified,2026-09-05,10.54,0.0,0.0,10.15,101.5847,2026-09-05
210,Faysal,Faysal Islamic Mustakil Munafa Fund (Faysal Islamic Mehdood Muddat Plan XXVI),,General,Mutual Fund,Moderate,Diversified,2026-09-05,11.14,0.0,0.0,9.96,101.3918,2026-09-05
211,Faysal,Faysal Islamic Mustakil Munafa Fund (Faysal Islamic Mehdood Muddat Plan XXVIII),,General,Mutual Fund,Moderate,Diversified,2026-09-05,10.89,0.0,0.0,11.2,100.8896,2026-09-05
212,Faysal,Faysal Islamic Mustakil Munafa Fund (Faysal Islamic Mehdood Muddat Plan XXX),,General,Mutual Fund,Moderate,Diversified,2026-09-05,10.79,0.0,0.0,11.04,100.7261,2026-09-05
213,Faysal,Faysal Islamic Mustakil Munafa Fund (Faysal Islamic Mehdood Muddat Plan XXXI),,General,Mutual Fund,Moderate,Diversified,2026-09-05,10.98,0.0,0.0,11.3,100.4952,2026-09-05
128,Faysal,Faysal Islamic Pension Fund - Debt Sub Fund,Faysal Islamic Pension Fund - DSF,Income,Shariah Compliant Voluntary Pension Scheme (Debt Sub Fund),Investor dependent,"Cash: 51.09%, Ijara Sukuk: 44.58%, Sukkuk: 1.47%, Others including Receivables: 2.85%",,9.11,,9.34,8.46,,
129,Faysal,Faysal Islamic Pension Fund - Equity Sub Fund,Faysal Islamic Pension Fund - ESF,Equity,Shariah Compliant Voluntary Pension Scheme (Equity Sub Fund),Investor dependent,"Equities: 88.94%, Cash: 4.31%, Others including Receivables: 6.75%",,5.57,,53.4,38.14,,
130,Faysal,Faysal Islamic Pension Fund - Money Market Sub Fund,Faysal Islamic Pension Fund - MMF,Money Market,Shariah Compliant Voluntary Pension Scheme (Money Market Sub Fund),Investor dependent,"Sukkuk: 37.65%, Ijara Sukuk: 32.01%, Cash: 26.81%, Others including Receivables: 3.53%",,9.84,,9.82,9.12,,
135,Faysal,Faysal Islamic Punjab Pension Fund - Debt Sub Fund,Faysal Islamic Punjab Pension Fund - DSF,Income,Shariah Compliant Voluntary Pension Scheme (Debt Sub Fund),Investor dependent,"Cash: 99.79%, Others including Receivables: 0.21%",,4.74,,,4.74,,
136,Faysal,Faysal Islamic Punjab Pension Fund - Equity Sub Fund,Faysal Islamic Punjab Pension Fund - EISF,Equity,Shariah Compliant Voluntary Pension Scheme (Equity Sub Fund),Investor dependent,"Cash: 99.79%, Others including Receivables: 0.21%",,0.4,,,0.22,,
138,Faysal,Faysal Islamic Punjab Pension Fund - Index Equity Sub Fund,FIPPF,Equity,Shariah Compliant Voluntary Pension Scheme (Index Equity Sub Fund),Low to high (as per allocation scheme),"Cash: 99.79%, Others including Receivables: 0.21%",,0.4,,,0.22,,
137,Faysal,Faysal Islamic Punjab Pension Fund - Money Market Sub Fund,Faysal Islamic Punjab Pension Fund - MMF,Money Market,Shariah Compliant Voluntary Pension Scheme (Money Market Sub Fund),Investor dependent,"Cash: 99.54%, Others including Receivables: 0.46%",,10.74,,,10.94,,
42,Faysal,Faysal Islamic Savings Growth Fund,FISGF,Income,Mutual Fund,Medium,"Cash: 47.94%, Ijara Sukuk: 48.14%, Short term Sukuk: 2.40%, Others including Receivables: 1.52%",2026-09-05,7.88,8.09,8.15,8.83,107.5664,2026-09-05
43,Faysal,Faysal Islamic Sovereign Fund (Faysal Islamic Sovereign Plan I),,General,Mutual Fund,Moderate,Diversified,2026-09-05,8.71,8.49,7.53,9.38,102.7186,2026-09-05
44,Faysal,Faysal Islamic Sovereign Fund (Faysal Islamic Sovereign Plan II),,General,Mutual Fund,Moderate,Diversified,2026-09-05,8.78,8.1,7.15,9.34,102.5127,2026-09-05
106,Faysal,Faysal Islamic Sovereign Plan-I,FISP-I,Income,Shariah Compliant Sovereign Income Scheme (Non-Equity),Low,"Ijara Sukuk: 81.25%, Cash: 16.49%, Others including Receivables: 2.25%",,9.96,,6.69,7.09,,
107,Faysal,Faysal Islamic Sovereign Plan-II,FISP-II,Income,Shariah Compliant Sovereign Income Scheme (Non-Equity),Low,"Ijara Sukuk: 88.99%, Cash: 7.86%, Others including Receivables: 3.15%",,10.17,,6.75,6.4,,
45,Faysal,Faysal Islamic Special Income Plan I,FISIP-I,Income,Mutual Fund,Medium,"Cash: 82.38%, Ijara Sukuk: 16.31%, Others including Receivables: 1.31%",2026-09-05,9.58,8.04,8.85,8.92,10.2948,2026-09-05
56,Faysal,Faysal Islamic Stock Fund,FISF,Equity,Mutual Fund,High,"Equities: 87.53%, Cash: 11.19%, Others including Receivables: 1.28%",2026-09-05,-0.84,7.7,5.72,-4.87,119.4827,2026-09-05
56,Faysal,Faysal Islamic Stock Fund,FISF,Equity,Mutual Fund,High,"Equities: 87.53%, Cash: 11.19%, Others including Receivables: 1.28%",2026-09-05,-0.84,7.7,5.72,-4.87,133.4598,2026-09-05
56,Faysal,Faysal Islamic Stock Fund,FISF,Equity,Mutual Fund,High,"Equities: 87.53%, Cash: 11.19%, Others including Receivables: 1.28%",2026-09-05,-0.76,7.23,12.14,-4.75,119.4827,2026-09-05
56,Faysal,Faysal Islamic Stock Fund,FISF,Equity,Mutual Fund,High,"Equities: 87.53%, Cash: 11.19%, Others including Receivables: 1.28%",2026-09-05,-0.76,7.23,12.14,-4.75,133.4598,2026-09-05
57,Faysal,Faysal Islamic Stock Fund II,FISF-II,Equity,Mutual Fund,High,"Equities: 80.58%, Cash: 18.64%, Others including Receivables: 0.77%",2026-03-01,-6.67,13.74,0.0,29.8,131.1277,2026-03-01
91,Faysal,Faysal Khushal Mustaqbil Fund (Faysal Barak’ah Women Savers Plan),,General,Mutual Fund,Moderate,Diversified,2026-09-05,0.07,4.4,8.88,1.64,110.7528,2026-09-05
92,Faysal,Faysal Khushal Mustaqbil Fund (Faysal Nu’umah Women Savers Plan),,General,Mutual Fund,Moderate,Diversified,2026-09-05,0.08,4.65,9.18,1.72,111.0386,2026-09-05
123,Faysal,Faysal Nu'umah Women Savers Plan,FNWSP,Asset Allocation,Shariah Compliant Asset Allocation Fund Of Funds Scheme,Low - moderate,"Cash: 97.30%, Others including Receivables: 2.70%",,0.7,,8.53,5.27,,
125,Faysal,Faysal Priority Ascend Plan-I,FPAP-I,Asset Allocation,Shariah Compliant Asset Allocation Fund Of Funds Scheme,High,"Cash: 77.47%, Islamic Dedicated Equity Scheme: 22.07%, Others including Receivables: 0.47%",,2.99,,,6.65,,
126,Faysal,Faysal Priority Ascend Plan-II,FPAP-II,Asset Allocation,Shariah Compliant Asset Allocation Fund Of Funds Scheme,Moderate - medium,"Cash: 95.72%, Islamic Money Market Scheme: 3.56%, Others including Receivables: 0.72%",,1.32,,,5.06,,
127,Faysal,Faysal Priority Ascend Plan-III,FPAP-III,Asset Allocation,Shariah Compliant Asset Allocation Fund Of Funds Scheme,Low,"Islamic Money Market Scheme: 97.18%, Cash: 2.73%, Others including Receivables: 0.08%",,0.75,,,6.02,,
119,Faysal,Faysal Shariah Flex Plan-I,FSFP-I,Asset Allocation,Shariah Compliant Asset Allocation Scheme,High,"Cash: 93.26%, Equities: 5.28%, Others including Receivables: 1.47%",,1.06,,,2.0,,
120,Faysal,Faysal Shariah Flex Plan-II,FSFP-II,Asset Allocation,Shariah Compliant Asset Allocation Scheme,High,"Cash: 97.99%, Equities: 1.30%, Others including Receivables: 0.72%",,1.71,,,2.58,,
121,Faysal,Faysal Shariah Flex Plan-III,FSFP-III,Asset Allocation,Shariah Compliant Asset Allocation Scheme,High,"Cash: 96.66%, Equities: 2.61%, Others including Receivables: 0.72%",,0.44,,,0.44,,
6,Hbl,HBL Cash Fund,HBL CF,Money Market,Mutual Fund,Low,"Cash: 39.28%, T-Bills: 22.09%, PIBS: 11.48%, Placement with Banks & DFIs: 24.62%, Short Term Sukuk: 0.47%, Others Including Receivables: 2.06%",2026-09-05,10.89,10.47,10.33,10.53,105.6974,2026-09-05
17,Hbl,HBL Energy Fund,HBL EF,Equity,Mutual Fund,High,"Cash: 4.00%, Stock / Equities: 95.79%, Others Including Receivables: 0.21%",2026-09-05,-3.28,24.22,36.16,13.33,39.393,2026-09-05
18,Hbl,HBL Equity Fund,HBL EQF,Equity,Mutual Fund,High,"Cash: 3.23%, Stock / Equities: 92.70%, Others Including Receivables: 4.07%",2026-09-05,-0.35,25.78,12.57,7.22,250.2874,2026-09-05
10,Hbl,HBL Financial Sector Income Fund Plan I,HBL FSIF-1,Income,Mutual Fund,Medium,"Cash: 67.77%, T-Bills: 3.86%, PIBS: 20.51%, TFCs / Sukuks: 2.54%, Stock/Equities: 1.16%, Short Term Sukuk: 0.00%, Others Including Receivables: 4.17%",2026-09-05,9.81,9.76,9.72,9.91,104.4811,2026-09-05
10,Hbl,HBL Financial Sector Income Fund Plan I,HBL FSIF-1,Income,Mutual Fund,Medium,"Cash: 67.77%, T-Bills: 3.86%, PIBS: 20.51%, TFCs / Sukuks: 2.54%, Stock/Equities: 1.16%, Short Term Sukuk: 0.00%, Others Including Receivables: 4.17%",2026-09-05,9.81,9.76,9.72,9.91,102.535,2026-09-05
10,Hbl,HBL Financial Sector Income Fund Plan I,HBL FSIF-1,Income,Mutual Fund,Medium,"Cash: 67.77%, T-Bills: 3.86%, PIBS: 20.51%, TFCs / Sukuks: 2.54%, Stock/Equities: 1.16%, Short Term Sukuk: 0.00%, Others Including Receivables: 4.17%",2026-09-05,11.22,11.32,11.5,11.23,104.4811,2026-09-05
10,Hbl,HBL Financial Sector Income Fund Plan I,HBL FSIF-1,Income,Mutual Fund,Medium,"Cash: 67.77%, T-Bills: 3.86%, PIBS: 20.51%, TFCs / Sukuks: 2.54%, Stock/Equities: 1.16%, Short Term Sukuk: 0.00%, Others Including Receivables: 4.17%",2026-09-05,11.22,11.32,11.5,11.23,102.535,2026-09-05
11,Hbl,HBL Financial Sector Income Fund Plan II,HBL FSIF-2,Income,Mutual Fund,Medium,"Cash: 99.81%, Others Including Receivables: 0.19%",2026-03-01,10.26,11.19,11.5,16.3,100.8717,2026-03-01
12,Hbl,HBL Government Securities Fund,HBL GSF,Income,Mutual Fund,Medium,"Cash: 21.18%, T-Bills: 14.86%, PIBS: 63.12%, Others Including Receivables: 0.84%",2026-09-05,9.86,8.84,10.26,9.23,116.4706,2026-09-05
19,Hbl,HBL Growth Fund-Class A,HBL GF(A),Equity,Mutual Fund,High,"Cash: 5.06%, Stock / Equities: 94.65%, Others Including Receivables: 0.29%",2026-09-05,-1.33,-5.61,-10.61,2.09,39.8665,2026-09-05
20,Hbl,HBL Growth Fund-Class B,HBL GF(B),Equity,Mutual Fund,High,"Cash: 8.84%, Stock / Equities: 90.22%, Others Including Receivables: 0.94%",2026-09-05,-0.17,29.38,28.83,7.43,47.6556,2026-09-05
13,Hbl,HBL Income Fund,HBL IF,Income,Mutual Fund,Medium,"Cash: 30.32%, T-Bills: 0.80%, PIBS: 64.23%, TFCs / Sukuks: 2.43%, Others Including Receivables: 2.22%",2026-09-05,10.43,8.5,9.65,10.05,115.6741,2026-09-05
21,Hbl,HBL Investment Fund-Class A,HBL IF(A),Equity,Mutual Fund,High,"Cash: 4.59%, Stock / Equities: 95.03%, Others Including Receivables: 0.37%",2026-09-05,-0.91,-5.55,-10.3,3.25,14.4449,2026-09-05
22,Hbl,HBL Investment Fund-Class B,HBL IF(B),Equity,Mutual Fund,High,"Cash: 10.50%, Stock / Equities: 89.29%, Others Including Receivables: 0.21%",2026-09-05,-0.26,30.56,32.59,8.87,22.5587,2026-09-05
82,Hbl,HBL Islamic Asset Allocation Fund,HBL IAAF,Asset Allocation,Mutual Fund,High,"Cash: 12.92%, Stock / Equities: 86.83%, Others Including Receivables: 0.24%",2026-09-05,-0.98,17.01,17.77,3.19,336.0432,2026-09-05
58,Hbl,HBL Islamic Equity Fund,HBL IEF,Equity,Mutual Fund,High,"Cash: 4.94%, Stock / Equities: 93.67%, Others Including Receivables: 1.40%",2026-09-05,-0.53,17.98,17.39,2.67,216.2056,2026-09-05
214,Hbl,HBL Islamic Fixed Term Fund Plan 11,,General,Mutual Fund,Moderate,Diversified,2026-09-05,-0.3,0.0,0.0,9.78,100.6163,2026-09-05
68,Hbl,HBL Islamic Fixed Term Fund Plan II,HBL IFTF-2,Income,Mutual Fund,Low,"Cash: 0.03%, Placement with Banks & DFIs: 98.48%, Others Including Receivables: 1.49%",2026-05-11,0.0,0.0,0.0,0.0,100.0,2026-05-11
197,Hbl,HBL Islamic Fixed Term Fund Plan V,HBL IFTF-5,Income,Income,Low,Diversified,,,,,,,
180,Hbl,HBL Islamic Fixed Term Fund Plan VI,HBL IFTF-6,Income,Shariah Compliant Fixed Term,Low,"Cash: 0.81%, Placement with Banks & DFIs: 96.88%, Others Including Receivables: 2.31%",2026-07-24,10.9,0.0,0.0,10.78,102.4219,2026-07-24
180,Hbl,HBL Islamic Fixed Term Fund Plan VI,HBL IFTF-6,Income,Shariah Compliant Fixed Term,Low,"Cash: 0.81%, Placement with Banks & DFIs: 96.88%, Others Including Receivables: 2.31%",2026-07-24,10.9,0.0,0.0,10.78,101.1262,2026-07-24
180,Hbl,HBL Islamic Fixed Term Fund Plan VI,HBL IFTF-6,Income,Shariah Compliant Fixed Term,Low,"Cash: 0.81%, Placement with Banks & DFIs: 96.88%, Others Including Receivables: 2.31%",2026-07-24,0.0,0.0,0.0,11.42,102.4219,2026-07-24
180,Hbl,HBL Islamic Fixed Term Fund Plan VI,HBL IFTF-6,Income,Shariah Compliant Fixed Term,Low,"Cash: 0.81%, Placement with Banks & DFIs: 96.88%, Others Including Receivables: 2.31%",2026-07-24,0.0,0.0,0.0,11.42,101.1262,2026-07-24
215,Hbl,HBL Islamic Fixed Term Fund Plan X,,General,Mutual Fund,Moderate,Diversified,2026-09-03,11.05,0.0,0.0,11.12,101.1312,2026-09-03
46,Hbl,HBL Islamic Income Fund,HBL IIF,Income,Mutual Fund,Medium,"Cash: 28.47%, GoP Ijarah: 23.85%, TFCs / Sukuks: 1.87%, Short Term Sukuk: 20.64%, Placement with Banks & DFIs: 17.56%, Others Including Receivables: 7.62%",2026-09-05,12.38,10.87,10.56,11.52,107.0466,2026-09-05
34,Hbl,HBL Islamic Money Market Fund,HBL ISMMF,Money Market,Mutual Fund,Low,"Cash: 23.95%, GOP IJARAH: 0.00%, Short Term Sukuk: 17.14%, Placement with Banks & DFIs: 5.41%, Others Including Receivables: 52.84%",2026-09-05,9.2,11.13,10.57,10.38,103.8349,2026-09-05
199,Hbl,HBL Islamic Pension Fund - Debt Sub Fund,HBL IPF DSF,Income,Income,Medium,"Cash: 28.62%, GoP Ijarah: 30.87%, TFCs / Sukuks: 0.06%, Short Term Sukuk: 36.05%, Others Including Receivables: 4.40%",,10.57,10.35,10.74,9.71,,
200,Hbl,HBL Islamic Pension Fund - Equity Sub Fund,HBL IPF ESF,Equity,Equity,High,"Cash: 1.51%, Stock / Equities: 98.44%, Others Including Receivables: 0.05%",,4.08,32.81,49.95,35.49,,
198,Hbl,HBL Islamic Pension Fund - Money Market Sub Fund,HBL IPF MMSF,Money Market,Money Market,Low,"Cash: 14.62%, GoP Ijarah: 28.65%, Short Term Sukuk: 17.92%, Placement with Banks & DFIs: 38.81%, Others Including Receivables: 0.00%",,8.78,9.07,9.17,8.99,,
202,Hbl,HBL Islamic Regualar Income Fund,,General,Mutual Fund,Moderate,Diversified,2026-09-05,9.22,0.0,0.0,10.65,100.0,2026-09-05
35,Hbl,HBL Islamic Savings Plan I,HBL ISF PI,Money Market,Mutual Fund,Low,"Cash: 34.06%, GoP Ijarah: 10.81%, Short Term Sukuk: 15.73%, Placement with Banks & DFIs: 33.11%, Others Including Receivables: 6.29%",2026-09-05,9.62,9.91,9.69,9.74,102.8057,2026-09-05
59,Hbl,HBL Islamic Stock Fund,HBL ISF,Equity,Mutual Fund,High,"Cash: 2.14%, Stock / Equities: 93.26%, Others Including Receivables: 4.61%",2026-09-05,-0.93,17.25,13.51,1.82,269.4057,2026-09-05
186,Hbl,HBL KPK Pension Fund - Debt Sub Fund,HBL KPK PF DSF,Income,Shariah Compliant Income,Medium,Cash: 100.00%,,0.0,0.0,0.0,0.0,,
188,Hbl,HBL KPK Pension Fund - Equity Index Tracker,EIT,Equity,Shariah Compliant Equity,Investor dependent,Cash: 100.00%,,0.0,0.0,0.0,0.0,,
187,Hbl,HBL KPK Pension Fund - Equity Sub Fund,HBL KPK PF EIT,Equity,Shariah Compliant Equity,High,Cash: 100.00%,,0.0,0.0,0.0,0.0,,
185,Hbl,HBL KPK Pension Fund - Money Market Sub Fund,HBL KPK PF MMSF,Money Market,Shariah Compliant Money Market,Low,"Cash: 0.09%, GoP Ijarah: 65.00%, Short Term Sukuk: 19.54%, Others Including Receivables: 15.36%",,8.05,8.74,8.26,8.61,,
24,Hbl,HBL Mehfooz Munafa Fund Plan IV,HBL MEMF 4,Income,Mutual Fund,Low,"Cash: 0.25%, T-Bills: 99.75%, Others Including Receivables: 0.00%",2026-04-07,7.98,0.0,0.0,10.4,104.9579,2026-04-07
25,Hbl,HBL Mehfooz Munafa Fund Plan X,HBL MEMF 10,Income,Mutual Fund,Low,"Cash: 21.10%, T-Bills: 75.20%, Others Including Receivables: 3.70%",2026-09-05,10.62,10.87,0.0,10.76,102.0407,2026-09-05
25,Hbl,HBL Mehfooz Munafa Fund Plan X,HBL MEMF 10,Income,Mutual Fund,Low,"Cash: 21.10%, T-Bills: 75.20%, Others Including Receivables: 3.70%",2026-09-05,10.62,10.87,0.0,10.76,102.1108,2026-09-05
25,Hbl,HBL Mehfooz Munafa Fund Plan X,HBL MEMF 10,Income,Mutual Fund,Low,"Cash: 21.10%, T-Bills: 75.20%, Others Including Receivables: 3.70%",2026-09-05,10.62,10.87,0.0,10.76,101.9037,2026-09-05
25,Hbl,HBL Mehfooz Munafa Fund Plan X,HBL MEMF 10,Income,Mutual Fund,Low,"Cash: 21.10%, T-Bills: 75.20%, Others Including Receivables: 3.70%",2026-09-05,10.62,10.87,0.0,10.76,101.5164,2026-09-05
25,Hbl,HBL Mehfooz Munafa Fund Plan X,HBL MEMF 10,Income,Mutual Fund,Low,"Cash: 21.10%, T-Bills: 75.20%, Others Including Receivables: 3.70%",2026-09-05,12.1,0.0,0.0,12.22,102.0407,2026-09-05
25,Hbl,HBL Mehfooz Munafa Fund Plan X,HBL MEMF 10,Income,Mutual Fund,Low,"Cash: 21.10%, T-Bills: 75.20%, Others Including Receivables: 3.70%",2026-09-05,12.1,0.0,0.0,12.22,102.1108,2026-09-05
25,Hbl,HBL Mehfooz Munafa Fund Plan X,HBL MEMF 10,Income,Mutual Fund,Low,"Cash: 21.10%, T-Bills: 75.20%, Others Including Receivables: 3.70%",2026-09-05,12.1,0.0,0.0,12.22,101.9037,2026-09-05
25,Hbl,HBL Mehfooz Munafa Fund Plan X,HBL MEMF 10,Income,Mutual Fund,Low,"Cash: 21.10%, T-Bills: 75.20%, Others Including Receivables: 3.70%",2026-09-05,12.1,0.0,0.0,12.22,101.5164,2026-09-05
25,Hbl,HBL Mehfooz Munafa Fund Plan X,HBL MEMF 10,Income,Mutual Fund,Low,"Cash: 21.10%, T-Bills: 75.20%, Others Including Receivables: 3.70%",2026-09-05,10.64,0.0,0.0,11.21,102.0407,2026-09-05
25,Hbl,HBL Mehfooz Munafa Fund Plan X,HBL MEMF 10,Income,Mutual Fund,Low,"Cash: 21.10%, T-Bills: 75.20%, Others Including Receivables: 3.70%",2026-09-05,10.64,0.0,0.0,11.21,102.1108,2026-09-05
25,Hbl,HBL Mehfooz Munafa Fund Plan X,HBL MEMF 10,Income,Mutual Fund,Low,"Cash: 21.10%, T-Bills: 75.20%, Others Including Receivables: 3.70%",2026-09-05,10.64,0.0,0.0,11.21,101.9037,2026-09-05
25,Hbl,HBL Mehfooz Munafa Fund Plan X,HBL MEMF 10,Income,Mutual Fund,Low,"Cash: 21.10%, T-Bills: 75.20%, Others Including Receivables: 3.70%",2026-09-05,10.64,0.0,0.0,11.21,101.5164,2026-09-05
25,Hbl,HBL Mehfooz Munafa Fund Plan X,HBL MEMF 10,Income,Mutual Fund,Low,"Cash: 21.10%, T-Bills: 75.20%, Others Including Receivables: 3.70%",2026-09-05,11.17,0.0,0.0,11.53,102.0407,2026-09-05
25,Hbl,HBL Mehfooz Munafa Fund Plan X,HBL MEMF 10,Income,Mutual Fund,Low,"Cash: 21.10%, T-Bills: 75.20%, Others Including Receivables: 3.70%",2026-09-05,11.17,0.0,0.0,11.53,102.1108,2026-09-05
25,Hbl,HBL Mehfooz Munafa Fund Plan X,HBL MEMF 10,Income,Mutual Fund,Low,"Cash: 21.10%, T-Bills: 75.20%, Others Including Receivables: 3.70%",2026-09-05,11.17,0.0,0.0,11.53,101.9037,2026-09-05
25,Hbl,HBL Mehfooz Munafa Fund Plan X,HBL MEMF 10,Income,Mutual Fund,Low,"Cash: 21.10%, T-Bills: 75.20%, Others Including Receivables: 3.70%",2026-09-05,11.17,0.0,0.0,11.53,101.5164,2026-09-05
26,Hbl,HBL Mehfooz Munafa Fund Plan XI,HBL MEMF 11,Income,Mutual Fund,Moderate,"Cash: 2.07%, T-Bills: 97.88%, Others Including Receivables: 0.06%",2026-03-01,10.44,0.0,0.0,10.74,103.0604,2026-03-01
27,Hbl,HBL Mehfooz Munafa Fund Plan XII,HBL MEMF 12,Income,Mutual Fund,Low,Diversified,2026-03-01,-58.14,0.0,0.0,0.47,100.1149,2026-03-01
28,Hbl,HBL Mehfooz Munafa Fund Plan XIII,HBL MEMF 13,Income,Mutual Fund,Low,"Cash: 0.08%, T-Bills: 99.91%, Others Including Receivables: 0.01%",2026-03-01,10.2,0.0,0.0,10.72,102.6151,2026-03-01
7,Hbl,HBL Money Market Fund,HBL MMF,Money Market,Mutual Fund,Low,"Cash: 69.97%, T-Bills: 20.13%, Placement with Banks & DFIs: 9.86%, Others Including Receivables: 0.04%",2026-09-05,10.82,9.88,9.77,10.32,105.7961,2026-09-05
29,Hbl,HBL Multi Asset Fund,HBL MAF,Asset Allocation,Mutual Fund,High,"Cash: 18.79%, Stock / Equities: 65.71%, TFCs / Sukuks: 0.12%, Others Including Receivables: 15.37%",2026-09-05,-0.28,19.09,19.08,8.83,236.8808,2026-09-05
183,Hbl,HBL Pension Fund - Debt,HBL PF DSF,Income,Sovereign Income,Medium,"Cash: 26.32%, T-Bills: 8.32%, PIBs: 42.31%, TFCs / Sukuks: 1.36%, Short Term Sukuk: 19.48%, Others Including Receivables: 2.21%",,10.52,10.35,10.74,9.71,,
184,Hbl,HBL Pension Fund - Equity,HBL PF ESF,Equity,Equity,High,"Cash: 1.76%, Stock / Equities: 97.57%, Others Including Receivables: 0.67%",,3.62,33.0,51.47,38.65,,
182,Hbl,HBL Pension Fund - Money Market,HBL PF MMSF,Money Market,Money Market,Low,"Cash: 14.62%, GoP Ijarah: 28.65%, Short Term Sukuk: 17.92%, Placement with Banks & DFIs: 38.81%, Others Including Receivables: 0.00%",,8.78,9.07,9.17,8.99,,
201,Hbl,HBL Regular Income Fund,,General,Mutual Fund,Moderate,Diversified,2026-09-05,8.66,0.0,0.0,10.82,100.0,2026-09-05
23,Hbl,HBL Stock Fund,HBL SF,Equity,Mutual Fund,High,"Cash: 2.36%, Stock / Equities: 93.47%, Others Including Receivables: 4.17%",2026-09-05,-0.38,20.37,17.62,5.88,240.9736,2026-09-05
177,Hbl,HBL Total Treasury Exchange Traded Fund,HBL TTETF,Money Market,Exchange Traded Fund,Medium,"Cash: 0.49%, T-Bills: 98.62%, Others Including Receivables: 0.88%",,9.12,10.0,10.67,10.1,,
54,Meezan,Al Meezan Mutual Fund,AMMF,Equity,Mutual Fund,High,"Equity: 95.10%, Cash: 1.16%, Other Receivables: 3.74%",2026-09-05,-0.89,12.47,8.7,-2.38,50.3112,2026-09-05
103,Meezan,KSE Meezan Index Fund,KMIF,Equity,Mutual Fund,High,"Equity: 95.26%, Cash: 3.32%, Other Receivables: 1.42%",2026-09-05,-0.84,10.56,12.85,-3.19,178.8258,2026-09-05
152,Meezan,MFPF - Aggressive Allocation Plan,MFPF-AGG,Asset Allocation,Fund Of Funds,Plan specific (medium to high),"Equity / Index Fund: 68.33%, Income / Money Market Fund: 28.96%, Cash: 0.97%, Other Including Receivables: 1.74%",,1.68,21.08,37.21,25.59,,
154,Meezan,MFPF - Conservative Allocation Plan,MFPF-CON,Asset Allocation,Fund Of Funds,Plan specific (medium to high),"Equity / Index Fund: 23.62%, Income / Money Market Fund: 66.65%, Cash: 3.65%, Other Including Receivables: 6.08%",,1.11,9.68,16.8,11.59,,
156,Meezan,MFPF - Meezan Asset Allocation Plan-I,MFPF-MAAP-I,Asset Allocation,Fund Of Funds,Plan specific (medium to high),"Equity / Index Fund: 83.42%, Income / Money Market Fund: 16.45%, Cash: 0.12%, Other Including Receivables: 0.00%",,1.89,20.94,40.14,23.95,,
153,Meezan,MFPF - Moderate Allocation Plan,MFPF-MOD,Asset Allocation,Fund Of Funds,Plan specific (medium to high),"Equity / Index Fund: 37.30%, Income / Money Market Fund: 37.00%, Cash: 2.50%, Other Including Receivables: 23.20%",,1.79,15.88,27.25,19.05,,
155,Meezan,MFPF - Very Conservative Allocation Plan,MFPF-V. CON,Asset Allocation,Fund Of Funds,Plan specific (medium to high),"Equity / Index Fund: 0.00%, Income / Money Market Fund: 74.89%, Cash: 3.29%, Other Including Receivables: 21.82%",,8.54,8.79,7.72,8.98,,
169,Meezan,MGOKPPF - Money Market Sub Fund,MGOKPPF-MMKT,Money Market,Islamic Gokp Pension Scheme,Low,"Cash & Others including Receivable: 63.72%, Sukuks: 22.95%, Placements with Bank, DFIs and NBFC: 13.33%",,11.78,10.58,10.92,10.94,,
171,Meezan,MIGOPPF - Money Market Sub Fund,MIGOPPF-MMSF,Money Market,Islamic Goppf Pension Scheme,Low,Cash & Others including Receivable: 100.00%,,9.68,9.89,9.89,9.89,,
158,Meezan,MSAF - Meezan Strategic Allocation Plan-I,MSAF-MSAP-I,Asset Allocation,Fund Of Funds,Plan specific (medium to high),"Equity / Index Fund: 78.67%, Income / Money Market Fund: 15.83%, Cash: 5.47%, Other Including Receivables: 0.03%",,1.77,19.69,38.28,22.63,,
159,Meezan,MSAF - Meezan Strategic Allocation Plan-II,MSAF-MSAP-II,Asset Allocation,Fund Of Funds,Plan specific (medium to high),"Equity / Index Fund: 83.51%, Income / Money Market Fund: 16.27%, Cash: 0.21%, Other Including Receivables: 0.00%",,1.89,21.02,39.49,24.04,,
160,Meezan,MSAF - Meezan Strategic Allocation Plan-III,MSAF-MSAP-III,Asset Allocation,Fund Of Funds,Plan specific (medium to high),"Equity / Index Fund: 83.52%, Income / Money Market Fund: 16.40%, Cash: 0.07%, Other Including Receivables: 0.00%",,1.84,20.55,39.02,23.51,,
161,Meezan,MSAF - Meezan Strategic Allocation Plan-IV,MSAF-MSAP-IV,Asset Allocation,Fund Of Funds,Plan specific (medium to high),"Equity / Index Fund: 83.42%, Income / Money Market Fund: 16.33%, Cash: 0.25%, Other Including Receivables: 0.00%",,1.84,20.33,38.74,23.24,,
162,Meezan,MSAF - Meezan Strategic Allocation Plan-V,MSAF-MSAP-V,Asset Allocation,Fund Of Funds,Plan specific (medium to high),"Equity / Index Fund: 83.21%, Income / Money Market Fund: 16.61%, Cash: 0.17%, Other Including Receivables: 0.00%",,1.85,20.49,39.42,23.45,,
165,Meezan,MTPF - Debt sub Fund,MTPF-DEBT,Income,Islamic Voluntary Pension Scheme,Moderate,"Equity: 50%, Debt: 40%, Money Market: 10%",,2.05,16.41,31.96,19.42,,
164,Meezan,MTPF - Equity sub Fund,MTPF-EQUITY,Equity,Islamic Voluntary Pension Scheme,High,"Equity: 80%, Debt: 20%, Money Market: 0%",,2.8,23.39,45.36,27.71,,
167,Meezan,MTPF - Gold sub Fund,MTPF-GOLD,Commodity,Islamic Voluntary Pension Scheme,High,"Gold: 84.40%, Cash: 14.24%, Other including Receivable: 1.36%",,12.54,37.4,56.37,36.77,,
166,Meezan,MTPF - Money Market sub Fund,MTPF-MMKT,Money Market,Islamic Voluntary Pension Scheme,Low,"Equity: 25%, Debt: 60%, Money Market: 15%",,1.42,10.58,20.79,12.49,,
83,Meezan,Meezan Asset Allocation Fund,MAAF,Asset Allocation,Mutual Fund,High,"Equity: 77.03%, Cash: 11.08%, Other Receivables: 11.89%",2026-09-05,-0.97,9.9,7.58,-1.58,116.8389,2026-09-05
76,Meezan,Meezan Balanced Fund,MBF,Asset Allocation,Mutual Fund,High,"Equity: 56.22%, Sukuks and Commercial Paper: 11.21%, GoP Guaranteed Securities: 3.75%, Cash Others including Receivable: 28.82%",2026-09-05,-0.68,8.91,9.61,-0.79,27.5223,2026-09-05
206,Meezan,Meezan Capital Protected Fund III (Meezan Capital Secure Plan I),,General,Mutual Fund,Moderate,Diversified,2026-09-05,-0.11,0.0,0.0,0.59,50.3806,2026-09-05
36,Meezan,Meezan Cash Fund,MCF,Money Market,Mutual Fund,Low,"Placements with Bank, DFIs and NBFC: 55.54%, Cash: 36.97%, Sukuks and Commercial Paper: 3.28%, GoP Guaranteed Securities: 2.59%, Others including Receivable: 1.62%",2026-09-05,10.96,9.7,9.72,10.01,52.539,2026-09-05
143,Meezan,Meezan Daily Income Fund,MDIF,Income,Islamic Income,Plan specific (low to moderate),"Cash: 61.38%, Placements with Bank, DFIs and NBFC: 31.02%, GoP Guaranteed Securities: 5.27%, Sukuks and Commercial Paper: 0.80%, Others including Receivable: 1.53%",,,,,,,
47,Meezan,Meezan Daily Income Fund (MDIP I),,General,Mutual Fund,Moderate,Diversified,2026-09-05,9.95,9.57,9.47,9.97,50.0,2026-09-05
48,Meezan,Meezan Daily Income Fund (Meezan Mahana Munafa Plan),,General,Mutual Fund,Moderate,Diversified,2026-09-05,9.47,10.38,9.96,11.02,50.0,2026-09-05
49,Meezan,Meezan Daily Income Fund (Meezan Munafa Plan I),,General,Mutual Fund,Moderate,Diversified,2026-09-05,10.03,9.98,10.07,10.28,51.472,2026-09-05
50,Meezan,Meezan Daily Income Fund (Meezan Sehl Account Plan) (MSHP),,General,Mutual Fund,Moderate,Diversified,2026-09-05,8.71,10.07,9.26,10.02,51.5521,2026-09-05
51,Meezan,Meezan Daily Income Fund (Meezan Super Saver Plan) (MSSP),,General,Mutual Fund,Moderate,Diversified,2026-09-05,9.92,9.66,9.45,10.11,51.4879,2026-09-05
144,Meezan,Meezan Daily Income Plan - I,MDIP-I,Income,Income,Low to moderate,"Cash: 61.38%, Placements with Bank, DFIs and NBFC: 31.02%, GoP Guaranteed Securities: 5.27%, Sukuks and Commercial Paper: 0.80%, Others including Receivable: 1.53%",,8.76,9.02,9.17,9.22,,
139,Meezan,Meezan Dedicated Equity Fund,MDEF,Equity,Islamic Equity,High,"Equity: 94.16%, Cash: 2.60%, Other Receivables: 3.24%",,2.32,27.09,53.37,31.13,,
142,Meezan,Meezan Dividend Yield Plan,MDYP,Asset Allocation,Asset Allocation,High,"Equity: 81.27%, Cash: 13.79%, Other Receivables: 4.94%",,5.46,30.99,58.2,37.93,,
141,Meezan,Meezan Dynamic Asset Allocation Fund,MDAAF,Asset Allocation,Islamic Asset Allocation,High,Diversified,,3.6,19.45,31.94,18.13,,
84,Meezan,Meezan Dynamic Asset Allocation Fund (Meezan Dividend Yield Plan),,General,Mutual Fund,Moderate,Diversified,2026-09-05,-0.53,7.21,12.44,-3.01,84.2166,2026-09-05
60,Meezan,Meezan Energy Fund,MEF,Equity,Mutual Fund,High,"Equity: 90.38%, Cash: 6.91%, Other Receivables: 2.71%",2026-09-05,-1.97,18.06,23.47,7.62,66.4284,2026-09-05
151,Meezan,Meezan Financial Planning Fund of Funds,MFPF,Asset Allocation,Islamic Fund Of Funds,Plan specific (medium to high),"Allocates to underlying Shariah Compliant Equity, Fixed Income, and Money Market Mutual Funds.",,,,,,,
93,Meezan,Meezan Financial Planning Fund of Funds (Aggressive),,General,Mutual Fund,Moderate,Diversified,2026-09-05,-0.83,10.18,10.46,-1.09,183.284,2026-09-05
94,Meezan,Meezan Financial Planning Fund of Funds (Conservative),,General,Mutual Fund,Moderate,Diversified,2026-09-05,-0.24,7.72,10.59,0.99,126.804,2026-09-05
95,Meezan,Meezan Financial Planning Fund of Funds (MAAP I),,General,Mutual Fund,Moderate,Diversified,2026-09-05,-1.8,9.82,6.7,-2.51,141.6145,2026-09-05
96,Meezan,Meezan Financial Planning Fund of Funds (Moderate),,General,Mutual Fund,Moderate,Diversified,2026-09-05,-0.56,8.82,10.13,-0.22,146.7546,2026-09-05
97,Meezan,Meezan Financial Planning Fund of Funds (Very Conservative Allocation Plan),,General,Mutual Fund,Moderate,Diversified,2026-09-05,0.08,4.77,9.39,1.74,53.4468,2026-09-05
149,Meezan,Meezan Fixed Term Fund,MFTF,Income,Open End Islamic Cis As Per Secp,Plan specific (low to moderate),"Placements with Bank, DFIs and NBFC: 97.69%, Cash and Others including Receivable: 2.31%",,,,,,,
168,Meezan,Meezan GOKP Pension Fund,MGOKPPF,Islamic Gokp Pension Scheme,Islamic Gokp Pension Scheme,Investor dependent,Not available as a standalone fund; details for its sub-fund are provided.,,,,,,,
104,Meezan,Meezan Gold Fund,MGF,Commodity,Mutual Fund,High,"Gold: 83.12%, Cash: 13.99%, Other Receivables: 2.89%",2026-09-05,-1.18,-10.13,21.15,3.82,292.3826,2026-09-05
203,Meezan,Meezan Government Securities Fund Plan I,,General,Mutual Fund,Moderate,Diversified,2026-09-05,11.47,0.0,0.0,12.27,51.0593,2026-09-05
37,Meezan,Meezan Islamic Asaan Cash Fund,MIACF,Money Market,Mutual Fund,Low,"Cash: 92.65%, Others including Receivable: 7.35%",2026-09-05,10.36,10.19,0.0,10.04,50.9969,2026-09-05
170,Meezan,Meezan Islamic Government Of Punjab Pension Fund,MIGOPPF,Islamic Goppf Pension Scheme,Islamic Goppf Pension Scheme,Investor dependent,Not available as a standalone fund; details for its sub-fund are provided.,,,,,,,
52,Meezan,Meezan Islamic Income Fund,MIIF,Income,Mutual Fund,Medium,"Placements with Bank, DFIs and NBFC: 35.31%, Cash: 31.83%, Sukuks: 20.78%, GoP Guaranteed Securities: 9.39%, Others including Receivable: 2.69%",2026-09-05,10.33,9.14,9.22,9.81,52.8694,2026-09-05
145,Meezan,Meezan Mahana Munafa Plan,MMMP,Income,Income,Low,"Cash: 83.84%, Placements with Bank, DFIs and NBFC: 14.11%, Others including Receivable: 2.05%",,8.27,9.17,9.17,9.16,,
147,Meezan,Meezan Munafa Plan I,MMP-I,Income,Income,Moderate,"Placements with Bank, DFIs and NBFC: 46.82%, Cash: 43.15%, Sukuks: 8.03%, GoP Guaranteed Securities: 0.26%, Others including Receivable: 1.74%",,9.39,9.71,8.77,9.78,,
216,Meezan,Meezan Paidaar Munafa Plan 34,,General,Mutual Fund,Moderate,Diversified,2026-09-05,14.16,11.37,0.0,13.55,51.2062,2026-09-05
69,Meezan,Meezan Paidaar Munafa Plan 35,MPMP-35,Income,Mutual Fund,Low,"Placements with Bank, DFIs and NBFC: 98.84%, Cash and Others including Receivable: 1.16%",2026-03-03,26.35,0.0,0.0,19.61,50.521,2026-03-03
70,Meezan,Meezan Paidaar Munafa Plan 36,MPMP-36,Income,Mutual Fund,Low,"Placements with Bank, DFIs and NBFC: 98.40%, Cash and Others including Receivable: 1.60%",2026-03-03,9.46,0.0,0.0,9.5,50.5468,2026-03-03
71,Meezan,Meezan Paidaar Munafa Plan 37,,General,Mutual Fund,Moderate,Diversified,2026-03-22,9.89,0.0,0.0,9.95,50.5316,2026-03-22
217,Meezan,Meezan Paidaar Munafa Plan 39,,General,Mutual Fund,Moderate,Diversified,2026-09-05,13.14,12.59,0.0,15.79,51.4,2026-09-05
218,Meezan,Meezan Paidaar Munafa Plan 43,,General,Mutual Fund,Moderate,Diversified,2026-09-05,14.02,0.0,0.0,14.3,51.3609,2026-09-05
219,Meezan,Meezan Paidaar Munafa Plan 47,,General,Mutual Fund,Moderate,Diversified,2026-09-05,10.57,0.0,0.0,11.37,51.0119,2026-09-05
220,Meezan,Meezan Paidaar Munafa Plan 48,,General,Mutual Fund,Moderate,Diversified,2026-09-05,12.37,0.0,0.0,11.64,51.0366,2026-09-05
221,Meezan,Meezan Paidaar Munafa Plan 49,,General,Mutual Fund,Moderate,Diversified,2026-09-05,11.15,0.0,0.0,10.88,50.9537,2026-09-05
222,Meezan,Meezan Paidaar Munafa Plan 50,,General,Mutual Fund,Moderate,Diversified,2026-09-05,11.06,0.0,0.0,11.2,50.5371,2026-09-05
223,Meezan,Meezan Paidaar Munafa Plan 51,,General,Mutual Fund,Moderate,Diversified,2026-09-05,11.11,0.0,0.0,9.22,50.4295,2026-09-05
224,Meezan,Meezan Paidaar Munafa Plan 52,,General,Mutual Fund,Moderate,Diversified,2026-09-05,10.82,0.0,0.0,11.14,50.4273,2026-09-05
225,Meezan,Meezan Paidaar Munafa Plan 53,,General,Mutual Fund,Moderate,Diversified,2026-09-05,0.0,0.0,0.0,0.0,50.0,2026-09-05
72,Meezan,Meezan Paidaar Munafa Plan XXXI,MPMP-XXXI,Income,Mutual Fund,Low,"Placements with Bank, DFIs and NBFC: 97.69%, Cash and Others including Receivable: 2.31%",2026-03-03,53.91,0.0,0.0,21.28,51.3661,2026-03-03
150,Meezan,Meezan Paidaar Munafa Plan XXXIII,MPMP-XXXIII,Income,"Open End Islamic Cis As Per Secp'S Circular No.3 Of 2022 Dated February 10, 2022",Low,"Placements with Bank, DFIs and NBFC: 98.97%, Cash and Others including Receivable: 1.03%",,10.09,10.1,,10.1,,
140,Meezan,Meezan Pakistan Exchange Traded Fund,MP-ETF,Equity,Exchange Traded Fund,High,"Equity: 99.08%, Cash: 0.79%, Other Receivables: 0.13%",,5.34,35.94,44.1,42.76,,
38,Meezan,Meezan Rozana Amdani Fund,MRAF,Money Market,Mutual Fund,Low,"Placements with Bank, DFIs and NBFC: 55.95%, Cash: 25.60%, Sukuks and Commercial Paper: 9.61%, GoP Guaranteed Securities: 4.26%, Others including Receivable: 4.58%",2026-09-05,10.33,9.82,9.73,10.23,50.0,2026-09-05
146,Meezan,Meezan Sehl Account Plan,MSHP,Income,Income,Low,"Cash: 98.98%, Others including Receivable: 1.02%",,7.78,8.18,7.89,8.2,,
53,Meezan,Meezan Sovereign Fund,MSF,Income,Mutual Fund,Moderate,"GoP Guaranteed Securities: 78.77%, Cash: 18.17%, Other Receivables: 3.06%",2026-09-05,7.68,8.6,8.46,8.59,53.3854,2026-09-05
157,Meezan,Meezan Strategic Allocation Fund,MSAF,Asset Allocation,Islamic Fund Of Funds,Plan specific (medium to high),Actively allocates portfolio between equity schemes and fixed income/money market schemes.,,,,,,,
98,Meezan,Meezan Strategic Allocation Fund (MSAP I),,General,Mutual Fund,Moderate,Diversified,2026-09-05,-1.05,10.24,8.65,-1.7,94.324,2026-09-05
99,Meezan,Meezan Strategic Allocation Fund (MSAP II),,General,Mutual Fund,Moderate,Diversified,2026-09-05,-1.1,10.32,7.85,-1.93,81.0954,2026-09-05
100,Meezan,Meezan Strategic Allocation Fund (MSAP III),,General,Mutual Fund,Moderate,Diversified,2026-09-05,-1.05,10.29,8.25,-1.7,89.4854,2026-09-05
101,Meezan,Meezan Strategic Allocation Fund (MSAP IV),,General,Mutual Fund,Moderate,Diversified,2026-09-05,-1.12,11.18,9.03,-1.95,94.7988,2026-09-05
102,Meezan,Meezan Strategic Allocation Fund (MSAP V),,General,Mutual Fund,Moderate,Diversified,2026-09-05,-1.06,8.36,6.06,-1.95,104.1331,2026-09-05
148,Meezan,Meezan Super Saver Plan,MSSP,Income,Income,Moderate,"Cash: 60.49%, GoP Guaranteed Securities: 21.15%, Placements with Bank, DFIs and NBFC: 16.03%, Others including Receivable: 2.33%",,8.68,8.95,8.37,9.13,,
163,Meezan,Meezan Tahaffuz Pension Fund,MTPF,Islamic Voluntary Pension Scheme,Islamic Voluntary Pension Scheme,Investor dependent,Not available as a standalone fund; details for its sub-funds are provided.,,,,,,,
